month,store1,store2,store3,store4
1月,157.2,159.1,180.5,153.9
2月,170.0,159.72727272727272,195.5,153.1
3月,157.5,167.35454545454547,195.7,155.0
4月,169.0,167.78181818181818,190.5,145.9
5月,163.0,173.9090909090909,190.0,148.8
6月,159.2,170.63636363636363,185.3,148.3
7月,155.7,174.86363636363637,192.5,147.1
8月,158.1,179.8909090909091,191.7,160.3
9月,160.2,184.8181818181818,194.8,152.9
10月,164.0,183.94545454545454,210.0,152.6
11月,161.0,187.0727272727273,204.9,150.1
12月,157.3,190.5,192.2,158.2
